{
    "$schema": "https://schema.management.azure.com/schemas/2015-01-01/deploymentParameters.json#",
    "contentVersion": "1.0.0.0",
    "parameters": {
        "virtualMachines_vm1_204_name": {
            "value": null
        },
        "networkInterfaces_vm1_204301_name": {
            "value": null
        },
        "publicIPAddresses_vm1_204_ip_name": {
            "value": null
        },
        "virtualNetworks_vm1_204_vnet_name": {
            "value": null
        },
        "networkSecurityGroups_vm1_204_nsg_name": {
            "value": null
        }
    }
}