<archetype-descriptor
        xmlns="http://maven.apache.org/plugins/maven-archetype-plugin/archetype-descriptor/1.1.0" xmlns:xsi="http://www.w3.org/2001/XMLSchema-instance"
        xsi:schemaLocation="http://maven.apache.org/plugins/maven-archetype-plugin/archetype-descriptor/1.1.0 https://maven.apache.org/xsd/archetype-descriptor-1.1.0.xsd"
        name="j17-quickstart">
    <fileSets>
    <!-- packaged=true files will be placed in a directory prepended by the package property -->
    <!-- filtered=true files will be generated using the Velocity engine -->    
        <fileSet filtered="true" packaged="true">
            <directory>src/main/java</directory>
        </fileSet>
        <fileSet filtered="true">
            <directory>src/main/resources</directory>
        </fileSet>
        <fileSet filtered="true" packaged="true">
            <directory>src/test/java</directory>
        </fileSet>
        <fileSet filtered="true">
            <directory>src/test/resources</directory>
        </fileSet>        
    </fileSets>
</archetype-descriptor>